pair,samples,adf_p,half_life,vol_full,vol_recent,quality_score
IWDA_AS_EUNL_DE,1735,0.0,0.22863545945477862,2.6996398690508823,1.8068857479604639,0.8154266661548997
VUAA_L_VUSA_L,1631,0.18872781046108128,106.35623046206454,1.4340661370961967,0.31104173051152517,0.5609809751514246
VWRL_L_VEVE_AS,506,0.3542103680830304,39.8448708290099,0.00018955240279914655,5.3810221764792526e-05,0.5302289179708262
SWDA_L_EUNL_DE,504,0.37440208982350354,41.82292841884348,0.013293171112960842,0.0034376070373732335,0.51911938183571
