pair,fold,net_pnl_total,trades,hit_rate,reason
SWDA_L_EUNL_DE,1,1003.7468231752337,2,1.0,
SWDA_L_EUNL_DE,2,0.0,0,0.0,SKIP_MIN_TRADES_TEST
SWDA_L_EUNL_DE,3,3102.5559330722763,2,1.0,
SWDA_L_EUNL_DE,4,-1849.7786803151005,1,0.0,
SWDA_L_EUNL_DE,5,-197.9105314019505,4,0.75,
SWDA_L_EUNL_DE,6,1666.146148651832,2,1.0,
SWDA_L_EUNL_DE,7,919.7761137531406,2,0.5,
SWDA_L_EUNL_DE,8,278.3046412874248,1,1.0,
SWDA_L_EUNL_DE,9,4127.089348324109,3,1.0,
SWDA_L_EUNL_DE,10,-234.93926392164616,1,0.0,
